	 tv_raob
	 qv_raob
	 u_raob
	 v_raob
	 ps_raob
	 tv_acraft
	 qv_acraft
	 u_acraft
	 v_acraft
	 u_prof
	 v_prof
	 u_scat
	 v_scat
	 w_ssmi
	 u_amv
	 v_amv
	 sst_sea
	 tv_sea
	 ps_sea
	 u_sea
	 v_sea
	 qv_sea
	 ps_land
	 ps_paob
	 tv_drift
	 tv_mls
	 u_drift
	 v_drift
	 ps_drift
	 bang_gps
	 tv_raob_omf
	 qv_raob_omf
	 u_raob_omf
	 v_raob_omf
	 ps_raob_omf
	 tv_acraft_omf
	 qv_acraft_omf
	 u_acraft_omf
	 v_acraft_omf
	 u_prof_omf
	 v_prof_omf
	 u_scat_omf
	 v_scat_omf
	 w_ssmi_omf
	 u_amv_omf
	 v_amv_omf
	 sst_sea_omf
	 tv_sea_omf
	 ps_sea_omf
	 u_sea_omf
	 v_sea_omf
	 qv_sea_omf
	 ps_land_omf
	 ps_paob_omf
	 tv_drift_omf
	 tv_mls_omf
	 u_drift_omf
	 v_drift_omf
	 ps_drift_omf
	 bang_gps_omf
	 tv_raob_oma
	 qv_raob_oma
	 u_raob_oma
	 v_raob_oma
	 ps_raob_oma
	 tv_acraft_oma
	 qv_acraft_oma
	 u_acraft_oma
	 v_acraft_oma
	 u_prof_oma
	 v_prof_oma
	 u_scat_oma
	 v_scat_oma
	 w_ssmi_oma
	 u_amv_oma
	 v_amv_oma
	 sst_sea_oma
	 tv_sea_oma
	 ps_sea_oma
	 u_sea_oma
	 v_sea_oma
	 qv_sea_oma
	 ps_land_oma
	 ps_paob_oma
	 tv_drift_oma
	 tv_mls_oma
	 u_drift_oma
	 v_drift_oma
	 ps_drift_oma
	 bang_gps_oma
	 tv_raob_obrate
	 qv_raob_obrate
	 u_raob_obrate
	 v_raob_obrate
	 ps_raob_obrate
	 tv_acraft_obrate
	 qv_acraft_obrate
	 u_acraft_obrate
	 v_acraft_obrate
	 u_prof_obrate
	 v_prof_obrate
	 u_scat_obrate
	 v_scat_obrate
	 w_ssmi_obrate
	 u_amv_obrate
	 v_amv_obrate
	 sst_sea_obrate
	 tv_sea_obrate
	 ps_sea_obrate
	 u_sea_obrate
	 v_sea_obrate
	 qv_sea_obrate
	 ps_land_obrate
	 ps_paob_obrate
	 tv_drift_obrate
	 tv_mls_obrate
	 u_drift_obrate
	 v_drift_obrate
	 ps_drift_obrate
	 bang_gps_obrate
	 tv_raob_rms
	 qv_raob_rms
	 u_raob_rms
	 v_raob_rms
	 ps_raob_rms
	 tv_acraft_rms
	 qv_acraft_rms
	 u_acraft_rms
	 v_acraft_rms
	 u_prof_rms
	 v_prof_rms
	 u_scat_rms
	 v_scat_rms
	 w_ssmi_rms
	 u_amv_rms
	 v_amv_rms
	 sst_sea_rms
	 tv_sea_rms
	 ps_sea_rms
	 u_sea_rms
	 v_sea_rms
	 qv_sea_rms
	 ps_land_rms
	 ps_paob_rms
	 tv_drift_rms
	 tv_mls_rms
	 u_drift_rms
	 v_drift_rms
	 ps_drift_rms
	 bang_gps_rms
	 tv_raob_rms_omf
	 qv_raob_rms_omf
	 u_raob_rms_omf
	 v_raob_rms_omf
	 ps_raob_rms_omf
	 tv_acraft_rms_omf
	 qv_acraft_rms_omf
	 u_acraft_rms_omf
	 v_acraft_rms_omf
	 u_prof_rms_omf
	 v_prof_rms_omf
	 u_scat_rms_omf
	 v_scat_rms_omf
	 w_ssmi_rms_omf
	 u_amv_rms_omf
	 v_amv_rms_omf
	 sst_sea_rms_omf
	 tv_sea_rms_omf
	 ps_sea_rms_omf
	 u_sea_rms_omf
	 v_sea_rms_omf
	 qv_sea_rms_omf
	 ps_land_rms_omf
	 ps_paob_rms_omf
	 tv_drift_rms_omf
	 tv_mls_rms_omf
	 u_drift_rms_omf
	 v_drift_rms_omf
	 ps_drift_rms_omf
	 bang_gps_rms_omf
	 tv_raob_rms_oma
	 qv_raob_rms_oma
	 u_raob_rms_oma
	 v_raob_rms_oma
	 ps_raob_rms_oma
	 tv_acraft_rms_oma
	 qv_acraft_rms_oma
	 u_acraft_rms_oma
	 v_acraft_rms_oma
	 u_prof_rms_oma
	 v_prof_rms_oma
	 u_scat_rms_oma
	 v_scat_rms_oma
	 w_ssmi_rms_oma
	 u_amv_rms_oma
	 v_amv_rms_oma
	 sst_sea_rms_oma
	 tv_sea_rms_oma
	 ps_sea_rms_oma
	 u_sea_rms_oma
	 v_sea_rms_oma
	 qv_sea_rms_oma
	 ps_land_rms_oma
	 ps_paob_rms_oma
	 tv_drift_rms_oma
	 tv_mls_rms_oma
	 u_drift_rms_oma
	 v_drift_rms_oma
	 ps_drift_rms_oma
	 bang_gps_rms_oma
